triangle,ax,ay,bx,by,cx,cy,area
1,2.000000000000000,0.000000000000000,2.000000000000000,1.000000000000000,1.000000000000000,0.500000000000000,0.500000000000000
2,0.000000000000000,0.000000000000000,2.000000000000000,0.000000000000000,1.000000000000000,0.500000000000000,0.500000000000000
3,0.000000000000000,0.000000000000000,1.000000000000000,0.500000000000000,0.000000000000000,1.000000000000000,0.500000000000000
